{"env_config": {"id": "learn_seq:MujocoInsertionEnv-v0", "primitive_list": [["move2contact", {"u": "ndarray", "s": 0.015, "fs": 11.5, "ft": "ndarray", "kp": [2500.0, 1500, 1500, 60.0, 60.0, 30.0], "kd": [100.0, 77.45966692414834, 77.45966692414834, 15.491933384829668, 15.491933384829668, 10.954451150103322], "timeout": 2.0}], ["displacement", {"u": "ndarray", "s": 0.01, "fs": 15.0, "ft": "ndarray", "delta_d": 0.003, "kp": [2500.0, 1500, 1500, 60.0, 60.0, 30.0], "kd": [100.0, 77.45966692414834, 77.45966692414834, 15.491933384829668, 15.491933384829668, 10.954451150103322], "timeout": 2.0}], ["displacement", {"u": "ndarray", "s": 0.01, "fs": 15.0, "ft": "ndarray", "delta_d": 0.003, "kp": [2500.0, 1500, 1500, 60.0, 60.0, 30.0], "kd": [100.0, 77.45966692414834, 77.45966692414834, 15.491933384829668, 15.491933384829668, 10.954451150103322], "timeout": 2.0}], ["displacement", {"u": "ndarray", "s": 0.01, "fs": 15.0, "ft": "ndarray", "delta_d": 0.003, "kp": [2500.0, 1500, 1500, 60.0, 60.0, 30.0], "kd": [100.0, 77.45966692414834, 77.45966692414834, 15.491933384829668, 15.491933384829668, 10.954451150103322], "timeout": 2.0}], ["displacement", {"u": "ndarray", "s": 0.01, "fs": 15.0, "ft": "ndarray", "delta_d": 0.003, "kp": [2500.0, 1500, 1500, 60.0, 60.0, 30.0], "kd": [100.0, 77.45966692414834, 77.45966692414834, 15.491933384829668, 15.491933384829668, 10.954451150103322], "timeout": 2.0}], ["displacement", {"u": "ndarray", "s": 0.01, "fs": 15.0, "ft": "ndarray", "delta_d": 0.003, "kp": [2500.0, 1500, 1500, 60.0, 60.0, 30.0], "kd": [100.0, 77.45966692414834, 77.45966692414834, 15.491933384829668, 15.491933384829668, 10.954451150103322], "timeout": 2.0}], ["displacement", {"u": "ndarray", "s": 0.01, "fs": 15.0, "ft": "ndarray", "delta_d": 0.003, "kp": [2500.0, 1500, 1500, 60.0, 60.0, 30.0], "kd": [100.0, 77.45966692414834, 77.45966692414834, 15.491933384829668, 15.491933384829668, 10.954451150103322], "timeout": 2.0}], ["displacement", {"u": "ndarray", "s": 0.08, "fs": 1.0, "ft": "ndarray", "delta_d": 0.05235987755982989, "kp": [2500.0, 1500, 1500, 60.0, 60.0, 30.0], "kd": [100.0, 77.45966692414834, 77.45966692414834, 15.491933384829668, 15.491933384829668, 10.954451150103322], "timeout": 2.0}], ["displacement", {"u": "ndarray", "s": 0.08, "fs": 1.0, "ft": "ndarray", "delta_d": 0.05235987755982989, "kp": [2500.0, 1500, 1500, 60.0, 60.0, 30.0], "kd": [100.0, 77.45966692414834, 77.45966692414834, 15.491933384829668, 15.491933384829668, 10.954451150103322], "timeout": 2.0}], ["displacement", {"u": "ndarray", "s": 0.08, "fs": 1.0, "ft": "ndarray", "delta_d": 0.05235987755982989, "kp": [2500.0, 1500, 1500, 60.0, 60.0, 30.0], "kd": [100.0, 77.45966692414834, 77.45966692414834, 15.491933384829668, 15.491933384829668, 10.954451150103322], "timeout": 2.0}], ["displacement", {"u": "ndarray", "s": 0.08, "fs": 1.0, "ft": "ndarray", "delta_d": 0.05235987755982989, "kp": [2500.0, 1500, 1500, 60.0, 60.0, 30.0], "kd": [100.0, 77.45966692414834, 77.45966692414834, 15.491933384829668, 15.491933384829668, 10.954451150103322], "timeout": 2.0}], ["displacement", {"u": "ndarray", "s": 0.08, "fs": 1.0, "ft": "ndarray", "delta_d": 0.05235987755982989, "kp": [2500.0, 1500, 1500, 60.0, 60.0, 30.0], "kd": [100.0, 77.45966692414834, 77.45966692414834, 15.491933384829668, 15.491933384829668, 10.954451150103322], "timeout": 2.0}], ["displacement", {"u": "ndarray", "s": 0.08, "fs": 1.0, "ft": "ndarray", "delta_d": 0.05235987755982989, "kp": [2500.0, 1500, 1500, 60.0, 60.0, 30.0], "kd": [100.0, 77.45966692414834, 77.45966692414834, 15.491933384829668, 15.491933384829668, 10.954451150103322], "timeout": 2.0}], ["move2contact", {"u": "ndarray", "s": 0.0115, "fs": 11.5, "ft": "ndarray", "kp": [2500.0, 1500, 1500, 60.0, 60.0, 30.0], "kd": [100.0, 77.45966692414834, 77.45966692414834, 15.491933384829668, 15.491933384829668, 10.954451150103322], "timeout": 2.0}], ["move2contact", {"u": "ndarray", "s": 0.0115, "fs": 11.5, "ft": "ndarray", "kp": [2500.0, 1500, 1500, 60.0, 60.0, 30.0], "kd": [100.0, 77.45966692414834, 77.45966692414834, 15.491933384829668, 15.491933384829668, 10.954451150103322], "timeout": 2.0}], ["move2contact", {"u": "ndarray", "s": 0.0115, "fs": 11.5, "ft": "ndarray", "kp": [2500.0, 1500, 1500, 60.0, 60.0, 30.0], "kd": [100.0, 77.45966692414834, 77.45966692414834, 15.491933384829668, 15.491933384829668, 10.954451150103322], "timeout": 2.0}], ["move2contact", {"u": "ndarray", "s": 0.0115, "fs": 11.5, "ft": "ndarray", "kp": [2500.0, 1500, 1500, 60.0, 60.0, 30.0], "kd": [100.0, 77.45966692414834, 77.45966692414834, 15.491933384829668, 15.491933384829668, 10.954451150103322], "timeout": 2.0}], ["move2contact", {"u": "ndarray", "s": 0.092, "fs": 0.30000000000000004, "ft": "ndarray", "kp": [2500.0, 1500, 1500, 60.0, 60.0, 30.0], "kd": [100.0, 77.45966692414834, 77.45966692414834, 15.491933384829668, 15.491933384829668, 10.954451150103322], "timeout": 2.0}], ["move2contact", {"u": "ndarray", "s": 0.092, "fs": 0.30000000000000004, "ft": "ndarray", "kp": [2500.0, 1500, 1500, 60.0, 60.0, 30.0], "kd": [100.0, 77.45966692414834, 77.45966692414834, 15.491933384829668, 15.491933384829668, 10.954451150103322], "timeout": 2.0}], ["move2contact", {"u": "ndarray", "s": 0.092, "fs": 0.30000000000000004, "ft": "ndarray", "kp": [2500.0, 1500, 1500, 60.0, 60.0, 30.0], "kd": [100.0, 77.45966692414834, 77.45966692414834, 15.491933384829668, 15.491933384829668, 10.954451150103322], "timeout": 2.0}], ["move2contact", {"u": "ndarray", "s": 0.092, "fs": 0.30000000000000004, "ft": "ndarray", "kp": [2500.0, 1500, 1500, 60.0, 60.0, 30.0], "kd": [100.0, 77.45966692414834, 77.45966692414834, 15.491933384829668, 15.491933384829668, 10.954451150103322], "timeout": 2.0}], ["move2contact", {"u": "ndarray", "s": 0.092, "fs": 0.30000000000000004, "ft": "ndarray", "kp": [2500.0, 1500, 1500, 60.0, 60.0, 30.0], "kd": [100.0, 77.45966692414834, 77.45966692414834, 15.491933384829668, 15.491933384829668, 10.954451150103322], "timeout": 2.0}], ["move2contact", {"u": "ndarray", "s": 0.092, "fs": 0.30000000000000004, "ft": "ndarray", "kp": [2500.0, 1500, 1500, 60.0, 60.0, 30.0], "kd": [100.0, 77.45966692414834, 77.45966692414834, 15.491933384829668, 15.491933384829668, 10.954451150103322], "timeout": 2.0}], ["displacement", {"u": "ndarray", "s": 0.01, "fs": 15.0, "ft": "ndarray", "delta_d": 0.003, "kp": [2500.0, 1500, 1500, 60.0, 60.0, 30.0], "kd": [100.0, 77.45966692414834, 77.45966692414834, 15.491933384829668, 15.491933384829668, 10.954451150103322], "timeout": 2.0}], ["displacement", {"u": "ndarray", "s": 0.01, "fs": 15.0, "ft": "ndarray", "delta_d": 0.003, "kp": [2500.0, 1500, 1500, 60.0, 60.0, 30.0], "kd": [100.0, 77.45966692414834, 77.45966692414834, 15.491933384829668, 15.491933384829668, 10.954451150103322], "timeout": 2.0}], ["displacement", {"u": "ndarray", "s": 0.01, "fs": 15.0, "ft": "ndarray", "delta_d": 0.003, "kp": [2500.0, 1500, 1500, 60.0, 60.0, 30.0], "kd": [100.0, 77.45966692414834, 77.45966692414834, 15.491933384829668, 15.491933384829668, 10.954451150103322], "timeout": 2.0}], ["displacement", {"u": "ndarray", "s": 0.01, "fs": 15.0, "ft": "ndarray", "delta_d": 0.003, "kp": [2500.0, 1500, 1500, 60.0, 60.0, 30.0], "kd": [100.0, 77.45966692414834, 77.45966692414834, 15.491933384829668, 15.491933384829668, 10.954451150103322], "timeout": 2.0}], ["displacement", {"u": "ndarray", "s": 0.08, "fs": 1.0, "ft": "ndarray", "delta_d": 0.05235987755982989, "kp": [2500.0, 1500, 1500, 60.0, 60.0, 30.0], "kd": [100.0, 77.45966692414834, 77.45966692414834, 15.491933384829668, 15.491933384829668, 10.954451150103322], "timeout": 2.0}], ["displacement", {"u": "ndarray", "s": 0.08, "fs": 1.0, "ft": "ndarray", "delta_d": 0.05235987755982989, "kp": [2500.0, 1500, 1500, 60.0, 60.0, 30.0], "kd": [100.0, 77.45966692414834, 77.45966692414834, 15.491933384829668, 15.491933384829668, 10.954451150103322], "timeout": 2.0}], ["displacement", {"u": "ndarray", "s": 0.08, "fs": 1.0, "ft": "ndarray", "delta_d": 0.05235987755982989,